{"cameraMode":{"drawMode":0,"name":"Shaded","section":"Shading Mode"},"sceneLighting":true,"audioPlay":false,"sceneViewState":{"m_AlwaysRefresh":false,"showFog":true,"showSkybox":true,"showFlares":true,"showImageEffects":true,"showParticleSystems":true,"showVisualEffectGraphs":true,"m_FxEnabled":true},"in2DMode":false,"pivot":{"x":2.274563789367676,"y":1.3707107305526734,"z":-0.670229434967041},"rotation":{"x":0.06492813676595688,"y":-0.10309531539678574,"z":0.0067441873252391819,"w":0.992529571056366},"size":1.2097493410110474,"orthographic":true}