{"cameraMode":{"drawMode":0,"name":"Shaded","section":"Shading Mode"},"sceneLighting":true,"audioPlay":false,"sceneViewState":{"m_AlwaysRefresh":false,"showFog":true,"showSkybox":true,"showFlares":true,"showImageEffects":true,"showParticleSystems":true,"showVisualEffectGraphs":true,"m_FxEnabled":true},"in2DMode":false,"pivot":{"x":0.1033572256565094,"y":1.271837592124939,"z":0.4520244598388672},"rotation":{"x":0.0458037294447422,"y":0.013486011885106564,"z":-0.0006183810764923692,"w":0.9988600611686707},"size":1.1950334310531617,"orthographic":true}