{"cameraMode":{"drawMode":0,"name":"Shaded","section":"Shading Mode"},"sceneLighting":true,"audioPlay":false,"sceneViewState":{"m_AlwaysRefresh":false,"showFog":true,"showSkybox":true,"showFlares":true,"showImageEffects":true,"showParticleSystems":true,"showVisualEffectGraphs":true,"m_FxEnabled":true},"in2DMode":false,"pivot":{"x":0.23456817865371705,"y":1.8649358749389649,"z":-0.9520894289016724},"rotation":{"x":0.06648560613393784,"y":-0.09265904873609543,"z":0.006201089359819889,"w":0.9934583902359009},"size":1.233791708946228,"orthographic":true}